<?xml version="1.0" encoding="UTF-8"?><bookmarks><file xmlns="http://www.w3.org/1999/xhtml" absolutepath="/MATLAB Drive/MATRIXOPERATIONS1.m"></file><file xmlns="http://www.w3.org/1999/xhtml" absolutepath="/MATLAB Drive/matrixoperations.mlx"></file><file xmlns="http://www.w3.org/1999/xhtml" absolutepath="/MATLAB Drive/Program-1.mlx"></file><file xmlns="http://www.w3.org/1999/xhtml" absolutepath="/MATLAB Drive/so.mlx"></file><file xmlns="http://www.w3.org/1999/xhtml" absolutepath="/MATLAB Drive/evenor odd.mlx"></file><file xmlns="http://www.w3.org/1999/xhtml" absolutepath="/MATLAB Drive/realandimag.mlx"></file><file xmlns="http://www.w3.org/1999/xhtml" absolutepath="/MATLAB Drive/autoandcrosscorrelation.mlx"></file><file xmlns="http://www.w3.org/1999/xhtml" absolutepath="/MATLAB Drive/convolution.mlx"></file><file xmlns="http://www.w3.org/1999/xhtml" absolutepath="/MATLAB Drive/fft.mlx"></file><file xmlns="http://www.w3.org/1999/xhtml" absolutepath="/MATLAB Drive/linearity_and_timeinvariance.mlx"></file><file xmlns="http://www.w3.org/1999/xhtml" absolutepath="/MATLAB Drive/computation_of_responses.mlx"></file><file xmlns="http://www.w3.org/1999/xhtml" absolutepath="/MATLAB Drive/lpf.mlx"></file><file xmlns="http://www.w3.org/1999/xhtml" absolutepath="/MATLAB Drive/program15.mlx"></file><file xmlns="http://www.w3.org/1999/xhtml" absolutepath="/MATLAB Drive/program14.mlx"></file><file xmlns="http://www.w3.org/1999/xhtml" absolutepath="/MATLAB Drive/program10.mlx"></file><file xmlns="http://www.w3.org/1999/xhtml" absolutepath="/MATLAB Drive/program16.mlx"></file><file xmlns="http://www.w3.org/1999/xhtml" absolutepath="/MATLAB Drive/program17.mlx"></file><file xmlns="http://www.w3.org/1999/xhtml" absolutepath="/MATLAB Drive/program19.mlx"></file><file xmlns="http://www.w3.org/1999/xhtml" absolutepath="/MATLAB Drive/program18.mlx"></file><file xmlns="http://www.w3.org/1999/xhtml" absolutepath="/MATLAB Drive/code.mlx"></file><file xmlns="http://www.w3.org/1999/xhtml" absolutepath="/MATLAB Drive/untitled.mlx"></file><file xmlns="http://www.w3.org/1999/xhtml" absolutepath="/MATLAB Drive/so1.mlx"></file><file xmlns="http://www.w3.org/1999/xhtml" absolutepath="/MATLAB Drive/eo.mlx"></file><file xmlns="http://www.w3.org/1999/xhtml" absolutepath="/MATLAB Drive/untitled1.mlx"></file><file xmlns="http://www.w3.org/1999/xhtml" absolutepath="/MATLAB Drive/PCM.mlx"></file><file xmlns="http://www.w3.org/1999/xhtml" absolutepath="/MATLAB Drive/solartracker.mlx"></file><file xmlns="http://www.w3.org/1999/xhtml" absolutepath="/MATLAB Drive/solar_tracker_setup.mlx"></file><file xmlns="http://www.w3.org/1999/xhtml" absolutepath="/MATLAB Drive/sun_position_algorithm.mlx"></file><file xmlns="http://www.w3.org/1999/xhtml" absolutepath="/MATLAB Drive/s.mlx"></file><file xmlns="http://www.w3.org/1999/xhtml" absolutepath="/tmp/tpcfd21bbd_63f7_4db0_9de0_7a1e945ef50a/sun_position_algorithm.mlx"></file><file xmlns="http://www.w3.org/1999/xhtml" absolutepath="/tmp/tpc91139d6_f793_45fe_babc_ea917b86a08d/s.mlx"></file></bookmarks>